,"Pipeline(steps=[('estimator', SVC(C=1))])"
0,1
1,0
2,1
3,1
4,1
5,0
6,1
7,1
8,0
9,1
10,0
11,0
12,0
13,1
14,0
15,0
16,0
17,1
18,1
19,1
20,1
21,0
22,1
23,0
24,0
25,0
26,1
27,1
28,1
29,1
30,1
31,0
32,1
33,0
34,0
35,0
36,1
37,0
38,1
39,1
40,1
41,1
42,0
43,1
44,0
45,0
46,0
47,0
48,1
49,1
50,0
51,1
52,1
53,0
54,0
55,1
56,1
57,1
58,1
59,1
60,1
61,1
62,1
63,1
64,1
65,0
66,0
67,0
68,0
69,0
70,0
71,0
72,1
73,0
74,0
75,0
76,1
77,0
78,1
79,0
80,1
81,0
82,0
83,0
84,0
85,1
86,0
87,0
88,0
89,0
90,0
91,0
92,1
93,0
94,1
95,0
96,1
97,1
98,0
99,0
100,0
101,1
102,0
103,0
104,0
105,1
106,1
107,1
108,0
109,1
110,0
111,1
112,1
113,1
114,0
115,0
116,1
117,0
118,0
119,0
120,0
121,0
122,0
123,0
124,0
125,1
126,0
127,1
128,1
129,0
130,1
131,0
132,0
133,0
134,1
135,1
136,1
137,0
138,1
139,0
140,1
141,0
142,1
143,1
144,0
145,1
146,1
147,0
148,0
149,1
150,1
151,1
152,0
153,0
154,0
155,0
156,1
157,1
158,0
159,0
160,1
161,0
162,0
163,1
164,1
165,1
166,1
167,1
168,1
169,0
170,0
171,0
172,1
173,0
174,0
175,0
176,1
177,1
178,0
179,1
180,1
181,0
182,1
183,1
184,0
185,0
186,0
187,0
188,1
189,0
190,1
191,0
192,0
193,1
194,0
195,1
196,0
197,0
198,1
199,0
200,1
201,0
202,1
203,0
204,0
205,1
206,1
207,1
208,0
209,0
210,0
211,1
212,1
213,0
214,0
215,0
216,1
217,1
218,1
219,0
220,1
221,0
222,0
223,1
224,1
225,1
226,1
227,0
228,0
229,1
230,1
231,1
232,1
233,0
234,0
235,1
236,0
237,0
238,1
239,0
240,0
241,1
242,0
243,0
244,0
245,0
246,1
247,0
248,0
249,1
250,1
251,1
252,1
253,1
254,0
255,1
256,0
257,1
258,0
259,0
260,1
261,1
262,0
263,1
264,1
265,1
266,0
267,1
268,1
269,0
270,0
271,0
272,1
273,0
274,0
275,0
276,0
277,0
278,1
279,1
280,1
281,0
282,1
283,0
284,1
285,1
286,1
287,1
288,0
289,0
290,0
291,0
292,0
293,0
294,0
295,0
296,0
297,0
298,1
299,1
300,0
301,1
302,0
303,1
304,0
305,0
306,0
307,1
308,1
309,1
310,0
311,1
312,0
313,1
314,1
315,0
316,1
317,1
318,0
319,1
320,0
321,0
322,1
323,0
324,0
325,0
326,1
327,1
328,1
329,1
330,1
331,0
332,0
333,1
334,1
335,1
336,1
337,0
338,0
339,0
340,0
341,0
342,0
343,1
344,1
345,1
346,1
347,1
348,0
349,0
350,0
351,1
352,1
353,0
354,1
355,0
356,1
357,1
358,0
359,0
360,1
361,0
362,0
363,0
364,0
365,1
366,1
367,0
368,0
369,0
370,0
371,1
372,0
373,0
374,0
375,0
376,1
377,1
378,1
379,1
380,0
381,0
382,1
383,1
384,0
385,0
386,0
387,1
388,0
389,0
390,0
391,1
392,0
393,0
394,0
395,1
396,1
397,1
398,0
399,0
400,0
401,0
402,0
403,0
404,1
405,0
406,1
407,1
408,0
409,1
410,0
411,0
412,0
413,0
414,0
415,1
416,1
417,0
418,0
419,0
420,0
421,1
422,0
423,0
424,0
425,1
426,1
427,0
428,0
429,0
430,1
431,1
432,0
433,1
434,1
435,0
436,0
437,1
438,1
439,1
440,1
441,1
442,0
443,1
444,1
445,0
446,1
447,0
448,1
449,1
450,1
451,1
452,0
453,0
454,1
455,1
456,0
457,0
458,0
459,0
460,1
461,1
462,1
463,0
464,0
465,1
466,1
467,0
468,1
469,1
470,0
471,0
472,0
473,1
474,1
475,0
476,1
477,1
478,1
479,0
480,1
481,1
482,1
483,1
484,1
485,1
486,1
487,0
488,0
489,1
490,0
491,0
492,1
493,1
494,1
495,1
496,0
497,1
498,0
499,1
500,1
501,0
502,1
503,0
504,0
505,1
506,0
507,0
508,0
509,1
510,1
511,0
512,1
513,1
514,0
515,1
516,0
517,1
518,1
519,0
520,1
521,0
522,0
523,0
524,1
525,0
526,0
527,1
528,1
529,1
530,0
531,0
532,0
533,0
534,1
535,0
536,0
537,0
538,0
539,0
540,0
541,0
542,1
543,1
544,1
545,1
546,0
547,0
548,0
549,0
550,1
551,0
552,0
553,0
554,0
555,0
556,0
557,0
558,0
559,1
560,0
561,0
562,1
563,1
564,1
565,1
566,1
567,0
568,1
569,0
570,0
571,0
572,0
573,0
574,1
575,1
576,0
577,0
578,0
579,0
580,0
581,0
582,1
583,1
584,1
585,0
586,1
587,0
588,1
589,0
590,0
591,0
592,0
593,1
594,0
595,0
596,0
597,1
598,1
599,1
600,1
601,0
602,0
603,1
604,0
605,0
606,0
607,1
608,1
609,0
610,0
611,1
612,0
613,0
614,0
615,1
616,1
617,1
618,1
619,1
620,0
621,1
622,0
623,0
624,0
625,1
626,0
627,0
628,1
629,0
630,1
631,0
632,1
633,0
634,1
635,1
636,1
637,1
638,1
639,1
640,1
641,1
642,1
643,1
644,0
645,0
646,1
647,1
648,1
649,0
650,1
651,1
652,1
653,1
654,0
655,0
656,1
657,1
658,1
659,1
660,0
661,1
662,0
663,1
664,0
665,1
666,0
667,0
668,0
669,0
670,0
671,1
672,1
673,1
674,1
675,0
676,1
677,1
678,1
679,1
680,0
681,0
682,0
683,0
684,1
685,1
686,1
687,0
688,1
689,1
690,1
691,1
692,0
693,0
694,1
695,0
696,1
697,1
698,1
699,1
700,1
701,1
702,0
703,0
704,0
705,1
706,0
707,1
708,0
709,1
710,1
711,0
712,0
713,1
714,0
715,0
716,0
717,0
718,1
719,1
720,0
721,1
722,1
723,1
724,0
725,0
726,0
727,0
728,0
729,0
730,0
731,0
732,1
733,0
734,0
735,1
736,1
737,0
738,0
739,1
740,1
741,0
742,1
743,0
744,1
745,0
746,1
747,1
748,1
749,0
750,1
751,0
752,1
753,1
754,0
755,1
756,1
757,1
758,0
759,0
760,0
761,0
762,0
763,0
764,0
765,1
766,0
767,1
768,0
769,0
770,0
771,1
772,0
773,1
774,1
775,1
776,0
777,0
778,0
779,1
780,0
781,1
782,0
783,0
784,0
785,1
786,1
787,1
788,1
789,1
790,0
791,1
792,0
793,0
794,1
795,1
796,1
797,0
798,0
799,1
800,1
801,1
802,1
803,1
804,0
805,1
806,0
807,1
808,1
809,1
810,1
811,1
812,1
813,0
814,0
815,1
816,1
817,1
818,1
819,0
820,0
821,1
822,1
823,1
824,1
825,1
826,0
827,1
828,1
829,0
830,0
831,0
832,0
833,0
834,0
835,0
836,1
837,1
838,0
839,0
840,1
841,0
842,1
843,1
844,0
845,1
846,1
847,0
848,0
849,0
850,1
851,0
852,1
853,0
854,0
855,1
856,0
857,0
858,0
859,0
860,1
861,0
862,1
863,0
864,1
865,1
866,0
867,1
868,1
869,1
870,1
871,0
872,0
873,1
874,0
875,1
876,1
877,1
878,0
879,0
880,1
881,1
882,1
883,0
884,0
885,0
886,0
887,1
888,1
889,0
890,0
891,1
892,1
893,0
894,1
895,0
896,1
897,1
898,0
899,1
900,1
901,1
902,1
903,1
904,1
905,0
906,0
907,0
908,1
909,0
910,1
911,1
912,1
913,0
914,1
915,1
916,0
917,1
918,0
919,0
920,1
921,1
922,0
923,0
924,0
925,0
926,0
927,0
928,0
929,0
930,1
931,1
932,1
933,1
934,1
935,1
936,0
937,1
938,0
939,1
940,0
941,1
942,0
943,1
944,1
945,0
946,0
947,0
948,0
949,1
950,1
951,0
952,1
953,1
954,1
955,0
956,0
957,0
958,0
959,0
960,0
961,0
962,1
963,1
964,1
965,1
966,1
967,1
968,1
969,1
970,1
971,1
972,1
973,1
974,0
975,0
976,0
977,1
978,1
979,0
980,1
981,0
982,1
983,0
984,1
985,1
986,1
987,1
988,1
989,0
990,1
991,1
992,0
993,1
994,0
995,1
996,1
997,1
998,1
999,0
1000,0
1001,0
1002,0
1003,1
1004,1
1005,1
1006,0
1007,0
1008,1
1009,0
1010,1
1011,0
1012,0
1013,0
1014,0
1015,1
1016,1
1017,0
1018,0
1019,1
1020,1
1021,1
1022,0
1023,0
1024,0
1025,1
1026,1
1027,0
1028,0
1029,0
1030,1
1031,0
1032,1
1033,1
1034,1
1035,1
1036,1
1037,1
1038,0
1039,1
1040,0
1041,1
1042,0
1043,1
1044,1
1045,0
1046,1
1047,1
1048,1
1049,1
1050,0
1051,1
1052,0
1053,1
1054,1
1055,0
1056,1
1057,0
1058,1
1059,0
1060,0
1061,1
1062,1
1063,1
1064,0
1065,0
1066,0
1067,0
1068,1
1069,0
1070,1
1071,1
1072,1
1073,0
1074,0
1075,1
1076,1
1077,1
1078,0
1079,0
1080,1
1081,0
1082,1
1083,0
1084,1
1085,0
1086,0
1087,1
1088,0
1089,1
1090,1
1091,1
1092,1
1093,1
1094,0
1095,1
1096,1
1097,0
1098,1
1099,0
1100,1
1101,1
1102,1
1103,0
1104,0
1105,0
1106,1
1107,1
1108,1
1109,1
1110,1
1111,1
1112,1
1113,0
1114,1
1115,0
1116,0
1117,0
1118,0
1119,1
1120,1
1121,0
1122,1
1123,0
1124,0
1125,0
1126,1
1127,1
1128,1
1129,0
1130,1
1131,0
1132,1
1133,0
1134,1
1135,1
1136,1
1137,0
1138,0
1139,1
1140,0
1141,1
1142,1
1143,0
1144,1
1145,1
1146,1
1147,1
1148,0
1149,0
1150,1
1151,1
1152,1
1153,1
1154,0
1155,1
1156,0
1157,0
1158,1
1159,1
1160,0
1161,0
1162,1
1163,0
1164,1
1165,0
1166,0
1167,0
1168,1
1169,1
1170,0
1171,0
1172,1
1173,0
1174,0
1175,1
1176,1
1177,0
1178,1
1179,0
1180,1
1181,0
1182,1
1183,1
1184,0
1185,0
1186,0
1187,1
1188,0
1189,1
1190,1
1191,0
1192,1
1193,0
1194,0
1195,0
1196,1
1197,0
1198,1
1199,1
1200,1
1201,1
1202,0
1203,1
1204,0
1205,1
1206,1
1207,1
1208,0
1209,0
1210,0
1211,0
1212,1
1213,1
1214,0
1215,0
1216,0
1217,0
1218,1
1219,0
1220,1
1221,0
1222,0
1223,0
1224,1
1225,0
1226,0
1227,0
1228,0
1229,1
1230,1
1231,1
1232,1
1233,0
1234,1
1235,0
1236,0
1237,0
1238,1
1239,1
1240,1
1241,1
1242,0
1243,0
1244,1
1245,1
1246,1
1247,1
1248,1
1249,1
1250,1
1251,1
1252,0
1253,1
1254,0
1255,0
1256,0
1257,1
1258,0
1259,0
1260,0
1261,1
1262,0
1263,1
1264,0
1265,0
1266,1
1267,0
1268,0
1269,0
1270,1
1271,1
1272,0
1273,1
1274,1
1275,1
1276,0
1277,0
1278,1
1279,1
1280,0
1281,0
1282,0
1283,1
1284,1
1285,0
1286,0
1287,1
1288,1
1289,1
1290,0
1291,1
1292,0
1293,1
1294,0
1295,0
1296,1
1297,1
1298,0
1299,0
1300,0
1301,1
1302,1
1303,0
1304,0
1305,0
1306,1
1307,1
1308,0
1309,0
1310,1
1311,1
1312,1
1313,1
1314,0
1315,1
1316,0
1317,1
1318,0
1319,1
1320,0
1321,0
1322,0
1323,0
1324,1
1325,1
1326,0
1327,0
1328,0
1329,1
1330,0
1331,1
1332,1
1333,0
1334,1
1335,1
1336,0
1337,1
1338,0
1339,1
1340,0
1341,0
1342,0
1343,0
1344,0
1345,1
1346,1
1347,1
1348,1
1349,1
1350,0
1351,0
1352,1
1353,1
1354,0
1355,0
1356,0
1357,0
1358,0
1359,0
1360,0
1361,1
1362,0
1363,1
1364,0
1365,0
1366,1
1367,0
1368,1
1369,1
1370,0
1371,1
1372,0
1373,1
1374,1
1375,0
1376,0
1377,0
1378,1
1379,0
1380,1
1381,0
1382,1
1383,0
1384,1
1385,1
1386,1
1387,1
1388,0
1389,0
1390,0
1391,1
1392,1
1393,1
1394,0
1395,1
1396,0
1397,0
1398,1
1399,1
1400,0
1401,0
1402,1
1403,1
1404,1
1405,1
1406,1
1407,1
1408,1
1409,0
1410,1
1411,1
1412,0
1413,1
1414,1
1415,0
1416,1
1417,0
1418,1
1419,1
1420,1
1421,0
1422,0
1423,1
1424,0
1425,0
1426,0
1427,0
1428,0
1429,1
1430,0
1431,1
1432,0
1433,1
1434,0
1435,0
1436,1
1437,1
1438,0
1439,0
1440,0
1441,1
1442,0
1443,0
1444,0
1445,0
1446,0
1447,0
1448,0
1449,1
1450,1
1451,1
1452,0
1453,0
1454,0
1455,1
1456,0
1457,1
1458,1
1459,0
1460,0
1461,0
1462,1
1463,1
1464,0
1465,0
1466,1
1467,0
1468,0
1469,0
1470,0
1471,0
1472,1
1473,0
1474,1
1475,0
1476,0
1477,1
1478,0
1479,0
1480,1
1481,1
1482,0
1483,1
1484,0
1485,0
1486,0
1487,1
1488,0
1489,0
1490,0
1491,0
1492,1
1493,0
1494,0
1495,0
1496,0
1497,0
1498,0
1499,1
1500,0
1501,0
1502,1
1503,1
1504,1
1505,1
1506,1
1507,1
1508,1
1509,0
1510,0
1511,1
1512,1
1513,0
1514,1
1515,0
1516,0
1517,1
1518,1
1519,1
1520,0
1521,1
1522,1
1523,0
1524,1
1525,1
1526,1
1527,1
1528,1
1529,1
1530,0
1531,1
1532,1
1533,0
1534,0
1535,0
1536,0
1537,0
1538,0
1539,1
1540,0
1541,0
1542,1
1543,0
1544,1
1545,1
1546,1
1547,1
1548,0
1549,1
1550,0
1551,1
1552,1
1553,0
1554,1
1555,0
1556,0
1557,1
1558,0
1559,1
1560,0
1561,0
1562,0
1563,0
1564,0
1565,1
1566,0
1567,0
1568,1
1569,0
1570,1
1571,1
1572,1
1573,1
1574,1
1575,0
1576,0
1577,0
1578,1
1579,0
1580,1
1581,1
1582,0
1583,0
1584,0
1585,1
1586,0
1587,1
1588,1
1589,1
1590,0
1591,0
1592,1
1593,1
1594,1
1595,1
1596,0
1597,0
1598,0
1599,1
1600,1
1601,0
1602,0
1603,1
1604,0
1605,1
1606,0
1607,0
1608,1
1609,0
1610,1
1611,0
1612,0
1613,0
1614,1
1615,1
1616,0
1617,0
1618,0
1619,0
1620,1
1621,1
1622,0
1623,0
1624,0
1625,1
1626,0
1627,1
1628,0
1629,1
1630,0
1631,1
1632,0
1633,1
1634,1
1635,1
1636,1
1637,0
1638,1
1639,0
1640,1
1641,0
1642,0
1643,0
1644,1
1645,0
1646,1
1647,1
1648,0
1649,0
1650,0
1651,0
1652,0
1653,1
1654,0
1655,1
1656,0
1657,1
1658,1
1659,1
1660,1
1661,1
1662,1
1663,0
1664,0
1665,1
1666,1
1667,0
1668,1
1669,0
1670,1
1671,1
1672,1
1673,1
1674,1
1675,1
1676,0
1677,0
1678,1
1679,1
1680,1
1681,0
1682,0
1683,1
1684,0
1685,1
1686,0
1687,0
1688,1
1689,0
1690,0
1691,1
1692,1
1693,0
1694,1
1695,1
1696,1
1697,0
1698,1
1699,1
1700,1
1701,0
1702,1
1703,1
1704,0
1705,0
1706,1
1707,1
1708,1
1709,1
1710,0
1711,1
1712,1
1713,1
1714,1
1715,1
1716,1
1717,0
1718,0
1719,0
1720,1
1721,0
1722,0
1723,0
1724,0
1725,0
1726,0
1727,1
1728,0
1729,1
1730,1
1731,1
1732,1
1733,1
1734,0
1735,0
1736,0
1737,0
1738,1
1739,0
1740,0
1741,0
1742,1
1743,1
1744,1
1745,0
1746,0
1747,1
1748,1
1749,0
1750,1
1751,1
1752,0
1753,0
1754,1
1755,1
1756,1
1757,0
1758,1
1759,1
1760,0
1761,0
1762,0
1763,1
1764,0
1765,0
1766,1
1767,0
1768,1
1769,1
1770,0
1771,0
1772,0
1773,1
1774,1
1775,0
1776,0
1777,0
1778,1
1779,1
1780,1
1781,1
1782,0
1783,1
1784,1
1785,0
1786,1
1787,0
1788,0
1789,0
1790,0
1791,0
1792,1
1793,0
1794,0
1795,1
1796,1
1797,0
1798,1
1799,0
1800,0
1801,1
1802,0
1803,0
1804,1
1805,1
1806,1
1807,1
1808,0
1809,0
1810,0
1811,0
1812,1
1813,0
1814,1
1815,0
1816,0
1817,1
1818,1
1819,1
1820,1
1821,0
1822,1
1823,0
1824,1
1825,1
1826,1
1827,0
1828,0
1829,1
1830,1
1831,0
1832,0
1833,1
1834,0
1835,0
1836,1
1837,0
1838,0
1839,1
1840,1
1841,1
1842,0
1843,0
1844,1
1845,0
1846,0
1847,0
1848,1
1849,1
1850,0
1851,1
1852,0
1853,1
1854,1
1855,0
1856,0
1857,0
1858,0
1859,1
1860,1
1861,1
1862,1
1863,1
1864,0
1865,0
1866,0
1867,0
1868,0
1869,1
1870,0
1871,1
1872,0
1873,0
1874,1
1875,0
1876,1
1877,0
1878,1
1879,1
1880,1
1881,0
1882,1
1883,0
1884,0
1885,1
1886,1
1887,1
1888,1
1889,1
1890,1
1891,0
1892,0
1893,0
1894,1
1895,1
1896,0
1897,1
1898,1
1899,1
1900,1
1901,1
1902,0
1903,0
1904,0
1905,1
1906,0
1907,0
1908,0
1909,0
1910,1
1911,1
1912,1
1913,1
1914,0
1915,0
1916,0
1917,1
1918,1
1919,0
1920,0
1921,0
1922,0
1923,1
1924,0
1925,1
1926,0
1927,1
1928,0
1929,0
1930,1
1931,0
1932,0
1933,1
1934,0
1935,1
1936,0
1937,1
1938,1
1939,1
1940,0
1941,1
1942,0
1943,0
1944,1
1945,0
1946,1
1947,1
1948,0
1949,0
1950,1
1951,1
1952,1
1953,1
1954,0
1955,1
1956,0
1957,1
1958,1
1959,1
1960,0
1961,1
1962,1
1963,1
1964,1
1965,1
1966,1
1967,1
1968,1
1969,0
1970,0
1971,1
1972,1
1973,1
1974,1
1975,0
1976,1
1977,1
1978,0
1979,1
1980,1
1981,0
1982,1
1983,0
1984,1
1985,0
1986,0
1987,1
1988,1
1989,0
1990,1
1991,0
1992,1
1993,1
1994,0
1995,0
1996,0
1997,0
1998,1
1999,0
2000,1
2001,0
2002,1
2003,0
2004,0
2005,0
2006,1
2007,0
2008,0
2009,1
2010,1
2011,1
2012,0
2013,1
2014,0
2015,0
2016,0
2017,1
2018,1
2019,0
2020,0
2021,0
2022,1
2023,0
2024,0
2025,0
2026,1
2027,1
2028,0
2029,1
2030,1
2031,0
2032,0
2033,1
2034,0
2035,0
2036,0
2037,1
2038,0
2039,0
2040,0
2041,0
2042,0
2043,1
2044,1
2045,1
2046,0
2047,1
2048,0
2049,0
2050,1
2051,0
2052,1
2053,0
2054,0
2055,1
2056,0
2057,1
2058,0
2059,0
2060,0
2061,1
2062,1
2063,0
2064,1
2065,0
2066,1
2067,1
2068,1
2069,1
2070,0
2071,0
2072,0
2073,0
2074,1
2075,0
2076,0
2077,0
2078,0
2079,0
2080,1
2081,1
2082,1
2083,1
2084,0
2085,0
2086,1
2087,1
2088,1
2089,0
2090,1
2091,0
2092,1
2093,1
2094,0
2095,1
2096,0
2097,1
2098,0
2099,1
2100,1
2101,0
2102,0
2103,0
2104,0
2105,0
2106,0
2107,1
2108,0
2109,1
2110,0
2111,1
2112,1
2113,0
2114,0
2115,0
2116,1
2117,0
2118,1
2119,0
2120,0
2121,0
2122,1
2123,0
2124,1
2125,1
2126,0
2127,1
2128,1
2129,0
2130,1
2131,1
2132,0
2133,0
2134,0
2135,0
2136,0
2137,0
2138,0
2139,0
2140,0
2141,1
2142,0
2143,1
2144,0
2145,1
2146,0
2147,0
2148,1
2149,1
2150,1
2151,0
2152,1
2153,1
2154,0
2155,0
2156,1
2157,0
2158,1
2159,1
2160,0
2161,1
2162,0
2163,1
2164,1
2165,1
2166,1
2167,0
2168,0
2169,0
2170,0
2171,0
2172,0
2173,0
2174,1
2175,1
2176,1
2177,1
2178,1
2179,1
2180,1
2181,1
2182,0
2183,0
2184,0
2185,1
2186,0
2187,1
2188,1
2189,0
2190,0
2191,1
2192,1
2193,0
2194,0
2195,1
2196,0
2197,1
2198,1
2199,0
2200,1
2201,1
2202,1
2203,0
2204,0
2205,0
2206,0
2207,1
2208,0
2209,0
2210,1
2211,1
2212,1
2213,1
2214,1
2215,1
2216,1
2217,1
2218,1
2219,0
2220,0
2221,1
2222,0
2223,0
2224,0
2225,1
2226,0
2227,0
2228,1
2229,0
2230,1
2231,1
2232,0
2233,0
2234,1
2235,1
2236,1
2237,1
2238,0
2239,0
2240,0
2241,0
2242,0
2243,0
2244,0
2245,0
2246,1
2247,0
2248,1
2249,1
2250,0
2251,1
2252,0
2253,1
2254,1
2255,1
2256,0
2257,1
2258,1
2259,1
2260,0
2261,1
2262,0
2263,1
2264,1
2265,1
2266,0
2267,0
2268,1
2269,0
2270,0
2271,1
2272,0
2273,0
2274,0
2275,1
2276,1
2277,0
2278,1
2279,0
2280,1
2281,1
2282,0
2283,1
2284,0
2285,1
2286,0
2287,1
2288,1
2289,1
2290,1
2291,0
2292,1
2293,0
2294,0
2295,1
2296,1
2297,1
2298,0
2299,1
2300,0
2301,1
2302,0
2303,1
2304,1
2305,0
2306,1
2307,0
2308,1
2309,0
2310,0
2311,0
2312,1
2313,1
2314,0
2315,0
2316,1
2317,1
2318,0
2319,0
2320,0
2321,0
2322,1
2323,0
2324,1
2325,1
2326,1
2327,1
2328,0
2329,1
2330,1
2331,1
2332,1
2333,0
2334,1
2335,1
2336,1
2337,1
2338,0
2339,0
2340,1
2341,1
2342,0
2343,1
2344,1
2345,0
2346,1
2347,0
2348,0
2349,1
2350,1
2351,0
2352,1
2353,0
2354,0
2355,0
2356,0
2357,0
2358,0
2359,0
2360,0
2361,0
2362,0
2363,0
2364,1
2365,1
2366,1
2367,0
2368,0
2369,0
2370,0
2371,0
2372,1
2373,0
2374,0
2375,1
2376,0
2377,1
2378,1
2379,1
2380,1
2381,1
2382,1
2383,0
2384,1
2385,1
2386,1
2387,1
2388,0
2389,1
2390,1
2391,1
2392,0
2393,0
2394,1
2395,0
2396,0
2397,1
2398,1
2399,1
2400,1
2401,1
2402,1
2403,0
2404,0
2405,0
2406,1
2407,0
2408,0
2409,0
2410,1
2411,0
2412,0
2413,1
2414,1
2415,0
2416,0
2417,0
2418,0
2419,0
2420,1
2421,0
2422,1
2423,0
2424,1
2425,0
2426,0
2427,0
2428,1
2429,0
2430,0
2431,0
2432,1
2433,0
2434,1
2435,0
2436,1
2437,0
2438,1
2439,1
2440,1
2441,1
2442,1
2443,1
2444,0
2445,1
2446,1
2447,0
2448,0
2449,1
2450,1
2451,1
2452,0
2453,1
2454,1
2455,0
2456,1
2457,1
2458,1
2459,0
2460,1
2461,0
2462,0
2463,0
2464,0
2465,0
2466,1
2467,0
2468,0
2469,1
2470,0
2471,1
2472,0
2473,1
2474,1
2475,0
2476,1
2477,0
2478,1
2479,1
2480,0
2481,0
2482,1
2483,1
2484,1
2485,1
2486,1
2487,0
2488,1
2489,1
2490,0
2491,1
2492,0
2493,0
2494,1
2495,0
2496,0
2497,1
2498,0
2499,1
2500,1
2501,1
2502,0
2503,1
2504,1
2505,1
2506,1
2507,1
2508,0
2509,1
2510,0
2511,0
2512,0
2513,0
2514,1
2515,0
2516,1
2517,0
2518,0
2519,0
2520,1
2521,1
2522,1
2523,0
2524,1
2525,1
2526,1
2527,0
2528,1
2529,1
2530,1
2531,1
2532,0
2533,0
2534,1
2535,0
2536,1
2537,0
2538,1
2539,1
2540,1
2541,0
2542,0
2543,0
2544,1
2545,1
2546,1
2547,1
2548,1
2549,0
2550,0
2551,0
2552,0
2553,0
2554,0
2555,1
2556,1
2557,0
2558,1
2559,0
2560,0
2561,1
2562,0
2563,0
2564,0
2565,1
2566,1
2567,1
2568,0
2569,1
2570,0
2571,0
2572,1
2573,0
2574,0
2575,0
2576,0
2577,1
2578,0
2579,1
2580,0
2581,1
2582,0
2583,1
2584,1
2585,1
2586,1
2587,1
2588,1
2589,1
2590,1
2591,1
2592,1
2593,0
2594,0
2595,0
2596,1
2597,1
2598,1
2599,0
2600,1
2601,0
2602,1
2603,1
2604,1
2605,1
2606,0
2607,1
2608,0
2609,1
2610,0
2611,0
2612,1
2613,0
2614,1
2615,1
2616,1
2617,0
2618,0
2619,1
2620,1
2621,0
2622,1
2623,1
2624,1
2625,1
2626,0
2627,0
2628,0
2629,0
2630,1
2631,1
2632,0
2633,1
2634,0
2635,0
2636,1
2637,0
2638,0
2639,0
2640,1
2641,1
2642,0
2643,0
2644,1
2645,0
2646,1
2647,1
2648,1
2649,1
2650,0
2651,0
2652,1
2653,1
2654,1
2655,1
2656,0
2657,0
2658,0
2659,1
2660,0
2661,0
2662,1
2663,1
2664,0
2665,0
2666,1
2667,1
2668,1
2669,0
2670,1
2671,0
2672,1
2673,0
2674,1
2675,1
2676,1
2677,1
2678,0
2679,0
2680,0
2681,1
2682,0
2683,1
2684,0
2685,1
2686,1
2687,1
2688,1
2689,0
2690,0
2691,0
2692,0
2693,0
2694,1
2695,1
2696,1
2697,0
2698,0
2699,0
2700,0
2701,1
2702,1
2703,0
2704,0
2705,0
2706,1
2707,0
2708,0
2709,0
2710,1
2711,1
2712,0
2713,0
2714,1
2715,0
2716,0
2717,0
2718,0
2719,1
2720,1
2721,1
2722,0
2723,0
2724,1
2725,0
2726,0
2727,1
2728,1
2729,1
2730,1
2731,1
2732,0
2733,0
2734,1
2735,0
2736,0
2737,0
2738,0
2739,0
2740,0
2741,1
2742,0
2743,1
2744,0
2745,0
2746,1
2747,0
2748,0
2749,0
2750,0
2751,0
2752,0
2753,1
2754,1
2755,1
2756,0
2757,1
2758,1
2759,0
2760,1
2761,0
2762,1
2763,1
2764,0
2765,1
2766,1
2767,0
2768,0
2769,0
2770,1
2771,1
2772,1
2773,1
2774,0
2775,1
2776,1
2777,1
2778,0
2779,1
2780,0
2781,0
2782,0
2783,0
2784,0
2785,0
2786,0
2787,1
2788,1
2789,1
2790,0
2791,1
2792,0
2793,1
2794,1
2795,1
2796,0
2797,1
2798,1
2799,0
2800,1
2801,1
2802,1
2803,0
2804,0
2805,1
2806,1
2807,0
2808,1
2809,1
2810,1
2811,0
2812,1
2813,1
2814,1
2815,0
2816,1
2817,0
2818,1
2819,0
2820,0
2821,0
2822,1
2823,1
2824,1
2825,0
2826,1
2827,0
2828,1
2829,1
2830,1
2831,0
2832,0
2833,0
2834,0
2835,0
2836,0
2837,0
2838,0
2839,0
2840,0
2841,0
2842,0
2843,1
2844,1
2845,0
2846,0
2847,1
2848,0
2849,1
2850,1
2851,1
2852,1
2853,1
2854,0
2855,1
2856,0
2857,0
2858,1
2859,1
2860,1
2861,1
2862,0
2863,0
2864,1
2865,0
2866,0
2867,1
2868,0
2869,0
2870,0
2871,0
2872,1
2873,0
2874,1
2875,0
2876,1
2877,0
2878,1
2879,1
2880,0
2881,0
2882,1
2883,0
2884,0
2885,0
2886,0
2887,0
2888,0
2889,1
2890,1
2891,0
2892,1
2893,1
2894,1
2895,0
2896,0
2897,1
2898,0
2899,1
2900,1
2901,1
2902,1
2903,1
2904,1
2905,0
2906,0
2907,0
2908,1
2909,0
2910,0
2911,1
2912,1
2913,1
2914,1
2915,0
2916,0
2917,1
2918,0
2919,1
2920,1
2921,1
2922,0
2923,0
2924,0
2925,1
2926,1
2927,0
2928,0
2929,0
2930,1
2931,0
2932,0
2933,0
2934,0
2935,1
2936,0
2937,1
2938,0
2939,0
2940,1
2941,1
2942,1
2943,0
2944,0
2945,0
2946,0
2947,0
2948,1
2949,1
2950,0
2951,1
2952,1
2953,0
2954,0
2955,0
2956,1
2957,1
2958,0
2959,1
2960,0
2961,0
2962,0
2963,1
2964,1
2965,0
2966,1
2967,0
2968,1
2969,0
2970,1
2971,0
2972,0
2973,0
2974,1
2975,0
2976,0
2977,1
2978,1
2979,1
2980,0
2981,0
2982,0
2983,1
2984,0
2985,1
2986,1
2987,0
2988,0
2989,1
2990,0
2991,0
2992,0
2993,0
2994,0
2995,0
2996,1
2997,0
2998,0
2999,0
3000,1
3001,1
3002,1
3003,0
3004,1
3005,1
3006,0
3007,1
3008,1
3009,0
3010,0
3011,1
3012,1
3013,0
3014,1
3015,0
3016,1
3017,1
3018,0
3019,0
3020,1
3021,0
3022,0
3023,0
3024,1
3025,1
3026,1
3027,0
3028,1
3029,1
3030,1
3031,0
3032,1
3033,0
3034,0
3035,0
3036,1
3037,1
3038,0
3039,1
3040,0
3041,0
3042,1
3043,0
3044,1
3045,1
3046,1
3047,1
3048,1
3049,1
3050,0
3051,1
3052,0
3053,1
3054,0
3055,1
3056,1
3057,1
3058,1
3059,1
3060,1
3061,0
3062,0
3063,0
3064,0
3065,1
3066,1
3067,1
3068,1
3069,0
3070,1
3071,1
3072,1
3073,1
3074,1
3075,0
3076,0
3077,0
3078,1
3079,1
3080,0
3081,1
3082,1
3083,0
3084,1
3085,1
3086,1
3087,0
3088,1
3089,1
3090,0
3091,1
3092,0
3093,1
3094,1
3095,1
3096,1
3097,0
3098,1
3099,1
3100,1
3101,0
3102,1
3103,0
3104,0
3105,0
3106,1
3107,0
3108,0
3109,0
3110,0
3111,1
3112,1
3113,1
3114,0
3115,0
3116,0
3117,0
3118,0
3119,1
3120,1
3121,1
3122,0
3123,1
3124,1
3125,1
3126,1
3127,0
3128,1
3129,1
3130,1
3131,0
3132,0
3133,1
3134,1
3135,1
3136,0
3137,0
3138,0
3139,1
3140,0
3141,1
3142,1
3143,1
3144,0
3145,1
3146,0
3147,1
3148,1
3149,0
3150,0
3151,1
3152,1
3153,0
3154,0
3155,1
3156,0
3157,0
3158,1
3159,1
3160,0
3161,0
3162,1
3163,0
3164,0
3165,0
3166,0
3167,0
3168,0
3169,1
3170,0
3171,0
3172,0
3173,0
3174,1
3175,1
3176,1
3177,1
3178,0
3179,1
3180,1
3181,1
3182,1
3183,0
3184,0
3185,1
3186,1
3187,0
3188,1
3189,0
3190,0
3191,1
3192,1
3193,0
3194,0
3195,0
3196,0
3197,0
3198,0
3199,0
3200,0
3201,0
3202,0
3203,0
3204,0
3205,0
3206,0
3207,0
3208,0
3209,1
3210,1
3211,1
3212,0
3213,0
3214,0
3215,0
3216,1
3217,1
3218,1
3219,0
3220,0
3221,1
3222,1
3223,0
3224,0
3225,1
3226,1
3227,0
3228,1
3229,0
3230,1
3231,0
3232,0
3233,0
3234,0
3235,1
3236,1
3237,0
3238,1
3239,0
3240,1
3241,0
3242,0
3243,0
3244,1
3245,0
3246,0
3247,0
3248,0
3249,0
3250,0
3251,1
3252,0
3253,0
3254,1
3255,0
3256,1
3257,0
3258,0
3259,1
3260,1
3261,0
3262,1
3263,1
3264,1
3265,0
3266,0
3267,0
3268,0
3269,0
3270,0
3271,0
3272,0
3273,0
3274,1
3275,1
3276,0
3277,0
3278,1
3279,1
3280,0
3281,1
3282,0
3283,0
3284,0
3285,1
3286,1
3287,1
3288,0
3289,1
3290,0
3291,0
3292,1
3293,0
3294,0
3295,1
3296,0
3297,1
3298,1
3299,1
3300,0
3301,1
3302,0
3303,0
3304,1
3305,1
3306,1
3307,0
3308,1
3309,1
3310,0
3311,0
3312,1
3313,0
3314,0
3315,0
3316,0
3317,1
3318,0
3319,0
3320,1
3321,1
3322,1
3323,1
3324,1
3325,0
3326,0
3327,1
3328,0
3329,0
3330,0
3331,0
3332,0
3333,1
3334,0
3335,1
3336,0
3337,1
3338,1
3339,1
3340,0
3341,1
3342,1
3343,1
3344,1
3345,0
3346,0
3347,1
3348,0
3349,0
3350,0
3351,1
3352,0
3353,0
3354,0
3355,1
3356,1
3357,0
3358,1
3359,0
3360,1
3361,0
3362,1
3363,1
3364,1
3365,0
3366,1
3367,0
3368,0
3369,1
3370,0
3371,1
3372,1
3373,1
3374,1
3375,1
3376,1
3377,0
3378,0
3379,0
3380,1
3381,1
3382,1
3383,1
3384,1
3385,0
3386,1
3387,1
3388,1
3389,1
3390,1
3391,0
3392,1
3393,0
3394,1
3395,0
3396,1
3397,0
3398,0
3399,1
3400,0
3401,0
3402,0
3403,1
3404,1
3405,0
3406,0
3407,0
3408,0
3409,1
3410,0
3411,1
3412,1
3413,1
3414,0
3415,1
3416,0
3417,1
3418,0
3419,0
3420,1
3421,1
3422,1
3423,0
3424,1
3425,0
3426,1
3427,1
3428,1
3429,1
3430,1
3431,0
3432,1
3433,0
3434,0
3435,0
3436,0
3437,0
3438,0
3439,1
3440,0
3441,1
3442,0
3443,0
3444,1
3445,1
3446,1
3447,0
3448,1
3449,0
3450,0
3451,1
3452,0
3453,0
3454,1
3455,1
3456,0
3457,1
3458,0
3459,0
3460,0
3461,0
3462,0
3463,0
3464,0
3465,0
3466,0
3467,1
3468,1
3469,1
3470,0
3471,1
3472,1
3473,0
3474,1
3475,0
3476,0
3477,0
3478,1
3479,0
3480,1
3481,1
3482,0
3483,0
3484,1
3485,1
3486,0
3487,0
3488,1
3489,1
3490,1
3491,0
3492,0
3493,1
3494,0
3495,0
3496,0
3497,1
3498,0
3499,0
3500,1
3501,0
3502,0
3503,1
3504,0
3505,1
3506,0
3507,0
3508,1
3509,0
3510,0
3511,0
3512,1
3513,1
3514,0
3515,1
3516,1
3517,0
3518,1
3519,1
3520,1
3521,0
3522,1
3523,1
3524,0
3525,0
3526,1
3527,0
3528,1
3529,1
3530,1
3531,0
3532,1
3533,1
3534,0
3535,0
3536,1
3537,0
3538,1
3539,0
3540,0
3541,0
3542,0
3543,1
3544,1
3545,0
3546,1
3547,0
3548,1
3549,1
3550,0
3551,0
3552,1
3553,1
3554,0
3555,0
3556,1
3557,0
3558,0
3559,0
3560,0
3561,1
3562,0
3563,0
3564,1
3565,1
3566,1
3567,1
3568,0
3569,0
3570,1
3571,0
3572,0
3573,1
3574,1
3575,0
3576,1
3577,0
3578,0
3579,1
3580,0
3581,1
3582,1
3583,1
3584,1
3585,0
3586,0
3587,0
3588,1
3589,1
3590,0
3591,1
3592,0
3593,0
3594,0
3595,1
3596,1
3597,0
3598,1
3599,1
3600,0
3601,0
3602,1
3603,0
3604,1
3605,0
3606,1
3607,0
3608,1
3609,0
3610,0
3611,1
3612,0
3613,0
3614,0
3615,0
3616,1
3617,1
3618,1
3619,0
3620,1
3621,1
3622,0
3623,1
3624,0
3625,1
3626,1
3627,1
3628,0
3629,1
3630,0
3631,0
3632,1
3633,1
3634,0
3635,1
3636,1
3637,0
3638,1
3639,0
3640,1
3641,0
3642,1
3643,0
3644,1
3645,0
3646,1
3647,0
3648,1
3649,0
3650,1
3651,0
3652,1
3653,0
3654,0
3655,1
3656,0
3657,0
3658,1
3659,1
3660,1
3661,1
3662,1
3663,1
3664,0
3665,1
3666,1
3667,0
3668,0
3669,0
3670,0
3671,1
3672,1
3673,1
3674,1
3675,1
3676,0
3677,1
3678,1
3679,1
3680,1
3681,0
3682,0
3683,1
3684,0
3685,0
3686,1
3687,1
3688,0
3689,1
3690,0
3691,1
3692,0
3693,0
3694,1
3695,0
3696,0
3697,1
3698,1
3699,1
3700,0
3701,1
3702,0
3703,1
3704,0
3705,1
3706,1
3707,0
3708,0
3709,0
3710,1
3711,1
3712,0
3713,1
3714,0
3715,0
3716,0
3717,0
3718,1
3719,0
3720,0
3721,0
3722,0
3723,0
3724,0
3725,0
3726,0
3727,1
3728,0
3729,0
3730,0
3731,1
3732,0
3733,1
3734,0
3735,0
3736,0
3737,1
3738,0
3739,0
3740,1
3741,1
3742,0
3743,0
3744,0
3745,1
3746,0
3747,0
3748,1
3749,1
3750,1
3751,0
3752,0
3753,1
3754,0
3755,1
3756,0
3757,0
3758,0
3759,0
3760,0
3761,0
3762,0
3763,1
3764,1
3765,1
3766,0
3767,0
3768,1
3769,0
3770,1
3771,0
3772,1
3773,1
3774,0
3775,1
3776,1
3777,1
3778,1
3779,1
3780,0
3781,1
3782,0
3783,0
3784,0
3785,1
3786,1
3787,1
3788,1
3789,1
3790,1
3791,0
3792,1
3793,0
3794,0
3795,0
3796,0
3797,1
3798,0
3799,0
3800,0
3801,1
3802,0
3803,0
3804,1
3805,0
3806,0
3807,0
3808,1
3809,1
3810,1
3811,0
3812,0
3813,1
3814,1
3815,1
3816,1
3817,1
3818,0
3819,1
3820,1
3821,0
3822,0
3823,0
3824,1
3825,0
3826,1
3827,1
3828,1
3829,0
3830,1
3831,0
3832,1
3833,1
3834,1
3835,1
3836,1
3837,0
3838,1
3839,0
3840,1
3841,0
3842,1
3843,1
3844,0
3845,0
3846,1
3847,0
3848,1
3849,1
3850,1
3851,0
3852,0
3853,0
3854,1
3855,1
3856,1
3857,1
3858,1
3859,1
3860,1
3861,1
3862,1
3863,1
3864,1
3865,1
3866,1
3867,1
3868,1
3869,1
3870,1
3871,0
3872,1
3873,1
3874,1
3875,0
3876,1
3877,1
3878,1
3879,1
3880,1
3881,0
3882,0
3883,1
3884,0
3885,0
3886,1
3887,0
3888,0
3889,0
3890,0
3891,1
3892,1
3893,0
3894,0
3895,1
3896,1
3897,1
3898,1
3899,1
3900,0
3901,1
3902,0
3903,0
3904,1
3905,0
3906,1
3907,1
3908,1
3909,1
3910,1
3911,0
3912,1
3913,1
3914,0
3915,1
3916,1
3917,0
3918,0
3919,1
3920,1
3921,1
3922,1
3923,0
3924,0
3925,1
3926,0
3927,0
3928,1
3929,1
3930,1
3931,1
3932,1
3933,1
3934,0
3935,0
3936,1
3937,1
3938,0
3939,1
3940,0
3941,1
3942,1
3943,0
3944,1
3945,0
3946,1
3947,0
3948,0
3949,1
3950,0
3951,1
3952,0
3953,1
3954,1
3955,1
3956,0
3957,1
3958,0
3959,1
3960,0
3961,1
3962,1
3963,1
3964,0
3965,1
3966,1
3967,1
3968,1
3969,1
3970,0
3971,0
3972,0
3973,1
3974,0
3975,1
3976,0
3977,0
3978,1
3979,1
3980,0
3981,0
3982,1
3983,1
3984,0
3985,1
3986,1
3987,0
3988,1
3989,0
3990,1
3991,0
3992,1
3993,0
3994,0
3995,0
3996,1
3997,1
3998,1
3999,1
4000,0
4001,1
4002,0
4003,1
4004,1
4005,0
4006,1
4007,1
4008,1
4009,1
4010,1
4011,1
4012,0
4013,1
4014,1
4015,0
4016,1
4017,0
4018,0
4019,1
4020,0
4021,0
4022,1
4023,1
4024,1
4025,0
4026,0
4027,1
4028,0
4029,1
4030,0
4031,0
4032,1
4033,1
4034,0
4035,1
4036,1
4037,1
4038,1
4039,1
4040,0
4041,0
4042,0
4043,0
4044,1
4045,1
4046,1
4047,0
4048,1
4049,1
4050,0
4051,0
4052,1
4053,0
4054,1
4055,1
4056,1
4057,1
4058,1
4059,1
4060,1
4061,0
4062,0
4063,1
4064,1
4065,1
4066,1
4067,1
4068,1
4069,1
4070,1
4071,1
4072,0
4073,1
4074,1
4075,0
4076,1
4077,0
4078,0
4079,1
4080,1
4081,1
4082,1
4083,0
4084,1
4085,0
4086,0
4087,1
4088,1
4089,1
4090,0
4091,1
4092,1
4093,1
4094,0
4095,0
4096,0
4097,0
4098,0
4099,0
4100,0
4101,0
4102,1
4103,1
4104,1
4105,1
4106,0
4107,0
4108,0
4109,1
4110,0
4111,1
4112,1
4113,1
4114,1
4115,1
4116,1
4117,1
4118,0
4119,0
4120,0
4121,0
4122,0
4123,1
4124,0
4125,1
4126,0
4127,0
4128,1
4129,1
4130,0
4131,0
4132,1
4133,1
4134,1
4135,0
4136,1
4137,0
4138,0
4139,1
4140,0
4141,1
4142,1
4143,1
4144,1
4145,1
4146,1
4147,1
4148,0
4149,0
4150,1
4151,1
4152,1
4153,1
4154,0
4155,1
4156,0
4157,0
4158,0
4159,1
4160,1
4161,1
4162,1
4163,0
4164,0
4165,0
4166,1
4167,0
4168,1
4169,1
4170,1
4171,1
4172,0
4173,0
4174,0
4175,1
4176,1
4177,0
4178,0
4179,1
4180,1
4181,1
4182,0
4183,0
4184,0
4185,0
4186,0
4187,1
4188,1
4189,0
4190,0
4191,0
4192,0
4193,1
4194,1
4195,1
4196,0
4197,0
4198,0
4199,1
4200,1
4201,0
4202,0
4203,1
4204,1
4205,1
4206,0
4207,0
4208,1
4209,0
4210,1
4211,0
4212,1
4213,0
4214,0
4215,1
4216,1
4217,1
4218,0
4219,1
4220,0
4221,1
4222,0
4223,0
4224,1
4225,0
4226,1
4227,1
4228,0
4229,1
4230,0
4231,0
4232,1
4233,0
4234,1
4235,0
4236,0
4237,0
4238,1
4239,1
4240,0
4241,1
4242,1
4243,0
4244,1
4245,1
4246,0
4247,1
4248,1
4249,0
4250,1
4251,1
4252,0
4253,0
4254,0
4255,1
4256,1
4257,0
4258,1
4259,0
4260,1
4261,0
4262,0
4263,0
4264,1
4265,0
4266,0
4267,1
4268,1
4269,1
4270,0
4271,1
4272,1
4273,1
4274,1
4275,0
4276,0
4277,0
4278,0
4279,1
4280,1
4281,0
4282,0
4283,1
4284,1
4285,0
4286,1
4287,0
4288,0
4289,0
4290,0
4291,0
4292,1
4293,0
4294,0
4295,0
4296,1
4297,1
4298,1
4299,1
4300,0
4301,0
4302,1
4303,1
4304,1
4305,0
4306,0
4307,0
4308,0
4309,0
4310,0
4311,0
4312,0
4313,1
4314,1
4315,0
4316,1
4317,1
4318,0
4319,0
4320,1
4321,0
4322,0
4323,1
4324,0
4325,0
4326,0
4327,1
4328,1
4329,0
4330,1
4331,1
4332,0
4333,1
4334,1
4335,1
4336,0
4337,1
4338,1
4339,1
4340,1
4341,1
4342,1
4343,1
4344,1
4345,0
4346,1
4347,1
4348,1
4349,1
4350,1
4351,1
4352,1
4353,0
4354,1
4355,1
4356,1
4357,1
4358,1
4359,0
4360,1
4361,0
4362,1
4363,1
4364,0
4365,1
4366,1
4367,0
4368,1
4369,1
4370,1
4371,1
4372,1
4373,1
4374,0
4375,1
4376,1
4377,0
4378,1
4379,1
4380,0
4381,1
4382,0
4383,0
4384,0
4385,0
4386,1
4387,1
4388,0
4389,0
4390,1
4391,0
4392,0
4393,0
4394,1
4395,0
4396,1
4397,0
4398,0
4399,0
4400,1
4401,0
4402,0
4403,1
4404,0
4405,1
4406,1
4407,0
4408,0
4409,1
4410,0
4411,1
4412,1
4413,1
4414,1
4415,1
4416,1
4417,1
4418,1
4419,0
4420,0
4421,1
4422,1
4423,0
4424,1
4425,0
4426,1
4427,0
4428,0
4429,1
4430,1
4431,0
4432,0
4433,0
4434,1
4435,0
4436,1
4437,1
4438,1
4439,0
4440,0
4441,1
4442,0
4443,0
4444,0
4445,1
4446,1
4447,1
4448,0
4449,0
4450,0
4451,1
4452,0
4453,0
4454,1
4455,1
4456,0
4457,1
4458,0
4459,1
4460,1
4461,0
4462,1
4463,0
4464,0
4465,1
4466,0
4467,1
4468,1
4469,0
4470,0
4471,0
4472,0
4473,1
4474,0
4475,1
4476,0
4477,1
4478,1
4479,0
4480,0
4481,1
4482,1
4483,0
4484,1
4485,0
4486,1
4487,0
4488,1
4489,1
4490,1
4491,0
4492,0
4493,0
4494,1
4495,0
4496,1
4497,1
4498,1
4499,1
4500,1
4501,0
4502,1
4503,0
4504,1
4505,0
4506,0
4507,0
4508,1
4509,0
4510,1
4511,0
4512,1
4513,1
4514,1
4515,0
4516,1
4517,1
4518,1
4519,1
4520,0
4521,0
4522,0
4523,1
4524,0
4525,0
4526,1
4527,1
4528,0
4529,1
4530,0
4531,1
4532,0
4533,1
4534,0
4535,1
4536,0
4537,1
4538,1
4539,0
4540,0
4541,1
4542,1
4543,1
4544,0
4545,0
4546,1
4547,0
4548,0
4549,0
4550,1
4551,0
4552,1
4553,0
4554,0
4555,0
4556,1
4557,1
4558,1
4559,1
4560,1
4561,0
4562,1
4563,1
4564,1
4565,1
4566,0
4567,1
4568,0
4569,0
4570,0
4571,0
4572,1
4573,1
4574,0
4575,0
4576,0
4577,0
4578,1
4579,1
4580,1
4581,1
4582,1
4583,1
4584,0
4585,0
4586,0
4587,0
4588,1
4589,0
4590,0
4591,0
4592,0
4593,0
4594,1
4595,0
4596,1
4597,0
4598,1
4599,1
4600,0
4601,1
4602,1
4603,1
4604,0
4605,0
4606,1
4607,0
4608,0
4609,0
4610,1
4611,1
4612,1
4613,1
4614,0
4615,1
4616,1
4617,0
4618,0
4619,1
4620,0
4621,1
4622,0
4623,1
4624,1
4625,0
4626,1
4627,0
4628,1
4629,1
4630,0
4631,0
4632,0
4633,1
4634,0
4635,0
4636,0
4637,0
4638,1
4639,1
4640,1
4641,0
4642,1
4643,0
4644,0
4645,1
4646,0
4647,0
4648,1
4649,0
4650,1
4651,1
4652,0
4653,0
4654,0
4655,0
4656,1
4657,1
4658,0
4659,0
4660,0
4661,1
4662,1
4663,1
4664,1
4665,1
4666,0
4667,0
4668,1
4669,0
4670,0
4671,1
4672,1
4673,1
4674,1
4675,1
4676,0
4677,1
4678,1
4679,1
4680,0
4681,0
4682,1
4683,0
4684,1
4685,1
4686,0
4687,0
4688,1
4689,1
4690,0
4691,0
4692,1
4693,0
4694,1
4695,0
4696,1
4697,0
4698,1
4699,1
4700,1
4701,1
4702,0
4703,0
4704,1
4705,1
4706,0
4707,0
4708,1
4709,0
4710,0
4711,1
4712,1
4713,0
4714,0
4715,1
4716,0
4717,0
4718,1
4719,0
4720,1
4721,1
4722,0
4723,0
4724,1
4725,0
4726,1
4727,0
4728,1
4729,1
4730,0
4731,1
4732,1
4733,0
4734,0
4735,1
4736,0
4737,0
4738,0
4739,0
4740,1
4741,1
4742,1
4743,1
4744,1
4745,0
4746,1
4747,0
4748,1
4749,0
4750,0
4751,1
4752,1
4753,0
4754,1
4755,0
4756,1
4757,0
4758,1
4759,0
4760,0
4761,0
4762,0
4763,0
4764,0
4765,1
4766,1
4767,0
4768,1
4769,1
4770,0
4771,0
4772,1
4773,0
4774,0
4775,1
4776,1
4777,0
4778,1
4779,0
4780,0
4781,0
4782,1
4783,0
4784,1
4785,0
4786,0
4787,0
4788,0
4789,0
4790,1
4791,1
4792,1
4793,1
4794,0
4795,1
4796,1
4797,1
4798,1
4799,0
4800,0
4801,1
4802,0
4803,0
4804,0
4805,0
4806,0
4807,1
4808,1
4809,1
4810,0
4811,1
4812,0
4813,1
4814,0
4815,1
4816,1
4817,1
4818,0
4819,0
4820,1
4821,1
4822,1
4823,0
4824,0
4825,1
4826,0
4827,1
4828,1
4829,0
4830,0
4831,1
4832,1
4833,0
4834,1
4835,0
4836,0
4837,1
4838,0
4839,0
4840,1
4841,1
4842,1
4843,0
4844,0
4845,1
4846,1
4847,0
4848,1
4849,1
4850,1
4851,1
4852,0
4853,1
4854,0
4855,0
4856,1
4857,0
4858,0
4859,0
4860,1
4861,0
4862,0
4863,1
4864,0
4865,0
4866,1
4867,1
4868,1
4869,1
4870,1
4871,0
4872,0
4873,1
4874,1
4875,1
4876,1
4877,0
4878,0
4879,0
4880,0
4881,0
4882,0
4883,1
4884,0
4885,0
4886,0
4887,0
4888,0
4889,1
4890,1
4891,1
4892,1
4893,1
4894,1
4895,0
4896,0
4897,0
4898,1
4899,0
4900,0
4901,1
4902,1
4903,1
4904,0
4905,0
4906,0
4907,1
4908,1
4909,1
4910,1
4911,1
4912,0
4913,0
4914,0
4915,1
4916,1
4917,0
4918,1
4919,1
4920,0
4921,1
4922,0
4923,1
4924,1
4925,1
4926,1
4927,0
4928,0
4929,1
4930,1
4931,1
4932,1
4933,0
4934,1
4935,0
4936,1
4937,0
4938,0
4939,1
4940,1
4941,1
4942,1
4943,1
4944,0
4945,1
4946,0
4947,0
4948,0
4949,1
4950,1
4951,0
4952,0
4953,0
4954,1
4955,1
4956,1
4957,0
4958,0
4959,1
4960,1
4961,1
4962,0
4963,1
4964,1
4965,1
4966,1
4967,1
4968,1
4969,1
4970,0
4971,0
4972,0
4973,0
4974,0
4975,0
4976,1
4977,1
4978,1
4979,1
4980,1
4981,1
4982,1
4983,1
4984,0
4985,1
4986,0
4987,1
4988,1
4989,1
4990,0
4991,1
4992,0
4993,1
4994,1
4995,0
4996,1
4997,1
4998,1
4999,0
5000,0
5001,1
5002,1
5003,1
5004,1
5005,1
5006,1
5007,1
5008,0
5009,0
5010,1
5011,1
5012,1
5013,0
5014,1
5015,1
5016,1
5017,1
5018,1
5019,0
5020,1
5021,1
5022,0
5023,1
5024,1
5025,1
5026,1
5027,1
5028,1
5029,0
5030,0
5031,0
5032,0
5033,0
5034,1
5035,0
5036,1
5037,1
5038,0
5039,0
5040,0
5041,1
5042,0
5043,0
5044,1
5045,1
5046,1
5047,0
5048,0
5049,0
5050,1
5051,1
5052,1
5053,0
5054,0
5055,1
5056,1
5057,0
5058,0
5059,1
5060,0
5061,0
5062,1
5063,1
5064,0
5065,0
5066,0
5067,0
5068,0
5069,1
5070,1
5071,1
5072,0
5073,0
5074,0
5075,0
5076,0
5077,0
5078,0
5079,0
5080,1
5081,1
5082,0
5083,0
5084,1
5085,1
5086,0
5087,0
5088,1
5089,1
5090,0
5091,0
5092,0
5093,1
5094,0
5095,1
5096,0
5097,0
5098,0
5099,0
5100,1
5101,1
5102,1
5103,0
5104,1
5105,1
5106,0
5107,1
5108,1
5109,1
5110,1
5111,1
5112,1
5113,1
5114,1
5115,1
5116,0
5117,0
5118,0
5119,0
5120,1
5121,0
5122,1
5123,1
5124,1
5125,1
5126,0
5127,0
5128,0
5129,1
5130,1
5131,0
5132,1
5133,0
5134,1
5135,1
5136,0
5137,0
5138,1
5139,1
5140,1
5141,0
5142,0
5143,0
5144,1
5145,0
5146,1
5147,0
5148,1
5149,1
5150,1
5151,0
5152,0
5153,1
5154,0
5155,1
5156,1
5157,0
5158,0
5159,1
5160,0
5161,1
5162,1
5163,1
5164,1
5165,1
5166,1
5167,0
5168,0
5169,0
5170,0
5171,1
5172,0
5173,0
5174,1
5175,1
5176,1
5177,1
5178,1
5179,0
5180,1
5181,0
5182,0
5183,1
5184,0
5185,0
5186,1
5187,0
5188,1
5189,1
5190,0
5191,0
5192,1
5193,0
5194,0
5195,0
5196,0
5197,1
5198,0
5199,1
5200,0
5201,0
5202,1
5203,1
5204,0
5205,1
5206,1
5207,1
5208,0
5209,0
5210,0
5211,0
5212,0
5213,0
5214,1
5215,0
5216,1
5217,1
5218,1
5219,1
5220,0
5221,0
5222,0
5223,0
5224,0
5225,1
5226,1
5227,0
5228,0
5229,1
5230,0
5231,1
5232,1
5233,1
5234,1
5235,0
5236,1
5237,0
5238,0
5239,0
5240,0
5241,1
5242,0
5243,1
5244,0
5245,1
5246,0
5247,0
5248,1
5249,0
5250,0
5251,0
5252,1
5253,0
5254,1
5255,1
5256,1
5257,0
5258,1
5259,0
5260,0
5261,1
5262,0
5263,1
5264,0
5265,0
5266,1
5267,0
5268,0
5269,0
5270,0
5271,0
5272,0
5273,0
5274,1
5275,0
5276,0
5277,0
5278,1
5279,0
5280,1
5281,1
5282,0
5283,0
5284,0
5285,0
5286,1
5287,1
5288,0
5289,0
5290,0
5291,0
5292,0
5293,1
5294,1
5295,1
5296,1
5297,0
5298,1
5299,0
5300,0
5301,1
5302,0
5303,1
5304,0
5305,0
5306,0
5307,1
5308,1
5309,0
5310,1
5311,0
5312,1
5313,0
5314,0
5315,0
5316,0
5317,0
5318,1
5319,1
5320,1
5321,0
5322,1
5323,1
5324,0
5325,0
5326,1
5327,1
5328,0
5329,0
5330,0
5331,0
5332,0
5333,0
5334,1
5335,1
5336,1
5337,1
5338,1
5339,0
5340,0
5341,1
5342,0
5343,0
5344,0
5345,0
5346,0
5347,0
5348,0
5349,1
5350,0
5351,1
5352,0
5353,1
5354,1
5355,1
5356,1
5357,1
5358,1
5359,1
5360,1
5361,0
5362,0
5363,1
5364,1
5365,1
5366,1
5367,1
5368,1
5369,0
5370,1
5371,0
5372,1
5373,1
5374,1
5375,1
5376,0
5377,1
5378,0
5379,1
5380,1
5381,0
5382,1
5383,0
5384,0
5385,1
5386,1
5387,0
5388,1
5389,1
5390,1
5391,0
5392,0
5393,1
5394,1
5395,0
5396,0
5397,1
5398,0
5399,0
5400,1
5401,1
5402,1
5403,0
5404,1
5405,1
5406,0
5407,0
5408,1
5409,1
5410,1
5411,1
5412,1
5413,1
5414,0
5415,0
5416,1
5417,1
5418,0
5419,1
5420,0
5421,0
5422,1
5423,1
5424,1
5425,0
5426,1
5427,0
5428,1
5429,1
5430,1
5431,0
5432,1
5433,1
5434,0
5435,1
5436,1
5437,0
5438,1
5439,1
5440,0
5441,1
5442,0
5443,1
5444,1
5445,0
5446,0
5447,0
5448,0
5449,0
5450,1
5451,1
5452,0
5453,1
5454,0
5455,1
5456,1
5457,1
5458,1
5459,0
5460,1
5461,0
5462,0
5463,0
5464,1
5465,0
5466,1
5467,0
5468,1
5469,1
5470,1
5471,0
5472,0
5473,1
5474,0
5475,0
5476,0
5477,0
5478,0
5479,0
5480,0
5481,0
5482,0
5483,1
5484,1
5485,1
5486,1
5487,0
5488,1
5489,1
5490,0
5491,0
5492,0
5493,1
5494,0
5495,0
5496,1
5497,0
5498,0
5499,0
5500,0
5501,1
5502,0
5503,0
5504,1
5505,0
5506,1
5507,0
5508,0
5509,1
5510,1
5511,1
5512,0
5513,0
5514,0
5515,1
5516,0
5517,1
5518,0
5519,0
5520,0
5521,0
5522,0
5523,0
5524,0
5525,1
5526,0
5527,1
5528,0
5529,0
5530,0
5531,1
5532,1
5533,0
5534,0
5535,1
5536,0
5537,0
5538,0
5539,1
5540,1
5541,0
5542,1
5543,1
5544,0
5545,0
5546,0
5547,1
5548,0
5549,0
5550,1
5551,1
5552,1
5553,0
5554,0
5555,1
5556,1
5557,0
5558,1
5559,1
5560,1
5561,0
5562,1
5563,1
5564,1
5565,1
5566,0
5567,1
5568,1
5569,1
5570,1
5571,0
5572,1
5573,1
5574,0
5575,1
5576,0
5577,0
5578,1
5579,1
5580,0
5581,1
5582,0
5583,0
5584,0
5585,0
5586,0
5587,0
5588,1
5589,0
5590,0
5591,1
5592,0
5593,0
5594,0
5595,0
5596,1
5597,1
5598,1
5599,1
5600,1
5601,1
5602,1
5603,0
5604,1
5605,0
5606,1
5607,0
5608,1
5609,0
5610,0
5611,1
5612,1
5613,1
5614,0
5615,0
5616,1
5617,1
5618,1
5619,1
5620,0
5621,0
5622,0
5623,1
5624,1
5625,1
5626,0
5627,1
5628,0
5629,1
5630,0
5631,0
5632,1
5633,0
5634,1
5635,0
5636,1
5637,0
5638,0
5639,1
5640,0
5641,1
5642,1
5643,0
5644,0
5645,0
5646,1
5647,0
5648,1
5649,1
5650,1
5651,0
5652,1
5653,1
5654,0
5655,0
5656,0
5657,0
5658,0
5659,0
5660,1
5661,1
5662,0
5663,0
5664,1
5665,0
5666,1
5667,1
5668,0
5669,0
5670,1
5671,1
5672,0
5673,0
5674,1
5675,0
5676,1
5677,0
5678,0
5679,0
5680,0
5681,0
5682,1
5683,0
5684,0
5685,1
5686,1
5687,0
5688,0
5689,1
5690,0
5691,1
5692,0
5693,1
5694,1
5695,1
5696,0
5697,0
5698,0
5699,0
5700,0
5701,0
5702,1
5703,1
5704,0
5705,0
5706,0
5707,1
5708,0
5709,1
5710,0
5711,1
5712,0
5713,1
5714,1
5715,0
5716,1
5717,0
5718,0
5719,1
5720,1
5721,0
5722,0
5723,1
5724,1
5725,0
5726,0
5727,1
5728,1
5729,0
5730,1
5731,1
5732,0
5733,0
5734,0
5735,1
5736,0
5737,0
5738,0
5739,1
5740,1
5741,1
5742,1
5743,0
5744,0
5745,1
5746,1
5747,1
5748,1
5749,0
5750,1
5751,1
5752,1
5753,1
5754,1
5755,0
5756,0
5757,1
5758,1
5759,1
5760,0
5761,1
5762,0
5763,0
5764,0
5765,0
5766,0
5767,1
5768,1
5769,1
5770,0
5771,0
5772,1
5773,0
5774,1
5775,1
5776,1
5777,1
5778,0
5779,1
5780,1
5781,0
5782,1
5783,0
5784,1
5785,0
5786,0
5787,1
5788,1
5789,1
5790,1
5791,0
5792,0
5793,0
5794,0
5795,0
5796,0
5797,0
5798,1
5799,0
5800,0
5801,1
5802,0
5803,1
5804,0
5805,1
5806,0
5807,0
5808,1
5809,1
5810,0
5811,1
5812,0
5813,0
5814,0
5815,0
5816,1
5817,0
5818,1
5819,0
5820,0
5821,0
5822,0
5823,1
5824,0
5825,1
5826,0
5827,1
5828,1
5829,1
5830,0
5831,1
5832,0
5833,0
5834,0
5835,1
5836,1
5837,1
5838,1
5839,0
5840,1
5841,0
5842,0
5843,0
5844,1
5845,0
5846,0
5847,1
5848,1
5849,0
5850,0
5851,1
5852,0
5853,1
5854,0
5855,0
5856,0
5857,1
5858,1
5859,1
5860,0
5861,1
5862,1
5863,0
5864,0
5865,0
5866,0
5867,0
5868,0
5869,1
5870,1
5871,1
5872,0
5873,0
5874,0
5875,1
5876,1
5877,1
5878,1
5879,1
5880,1
5881,0
5882,0
5883,0
5884,0
5885,1
5886,0
5887,0
5888,1
5889,1
5890,0
5891,1
5892,1
5893,0
5894,0
5895,1
5896,1
5897,1
5898,1
5899,0
5900,1
5901,1
5902,1
5903,1
5904,0
5905,0
5906,1
5907,1
5908,0
5909,1
5910,1
5911,0
5912,1
5913,0
5914,1
5915,0
5916,0
5917,1
5918,1
5919,0
5920,1
5921,1
5922,1
5923,0
5924,0
5925,1
5926,0
5927,1
5928,1
5929,0
5930,1
5931,0
5932,1
5933,1
5934,0
5935,0
5936,0
5937,0
5938,1
5939,1
5940,1
5941,0
5942,0
5943,0
5944,1
5945,0
5946,1
5947,1
5948,1
5949,0
5950,1
5951,0
5952,0
5953,0
5954,0
5955,0
5956,1
5957,1
5958,1
5959,0
5960,0
5961,1
5962,1
5963,0
5964,1
5965,1
5966,0
5967,0
5968,1
5969,0
5970,0
5971,0
5972,1
5973,0
5974,1
5975,0
5976,1
5977,1
5978,1
5979,0
5980,1
5981,1
5982,1
5983,0
5984,0
5985,1
5986,0
5987,0
5988,1
5989,1
5990,1
5991,0
5992,1
5993,1
5994,0
5995,0
5996,0
5997,0
5998,0
5999,1
6000,0
6001,0
6002,1
6003,0
6004,0
6005,0
6006,1
6007,0
6008,0
6009,0
6010,0
6011,0
6012,1
6013,0
6014,0
6015,0
6016,1
6017,0
6018,1
6019,0
6020,0
6021,1
6022,1
6023,0
6024,1
6025,1
6026,1
6027,1
6028,0
6029,1
6030,0
6031,0
6032,0
6033,0
6034,1
6035,0
6036,1
6037,0
6038,0
6039,1
6040,1
6041,0
6042,1
6043,1
6044,0
6045,1
6046,1
6047,0
6048,0
6049,0
6050,1
6051,0
6052,0
6053,0
6054,1
6055,1
6056,1
6057,0
6058,0
6059,0
6060,0
6061,1
6062,0
6063,1
6064,1
6065,1
6066,1
6067,0
6068,0
6069,1
6070,1
6071,1
6072,1
6073,1
6074,0
6075,1
6076,0
6077,1
6078,0
6079,0
6080,0
6081,0
6082,1
6083,1
6084,0
6085,1
6086,0
6087,0
6088,1
6089,1
6090,0
6091,1
6092,1
6093,0
6094,0
6095,0
6096,1
6097,0
6098,0
6099,1
6100,1
6101,0
6102,0
6103,1
6104,1
6105,1
6106,0
6107,0
6108,1
6109,1
6110,0
6111,1
6112,0
6113,1
6114,0
6115,1
6116,0
6117,1
6118,1
6119,0
6120,0
6121,0
6122,0
6123,0
6124,1
6125,0
6126,0
6127,1
6128,1
6129,0
6130,1
6131,0
6132,1
6133,1
6134,0
6135,0
6136,0
6137,1
6138,1
6139,0
6140,0
6141,1
6142,1
6143,0
6144,0
6145,0
6146,0
6147,1
6148,1
6149,0
6150,0
6151,0
6152,0
6153,1
6154,1
6155,1
6156,1
6157,1
6158,1
6159,1
6160,0
6161,1
6162,0
6163,0
6164,1
6165,0
6166,1
6167,0
6168,0
6169,1
6170,0
6171,1
6172,0
6173,0
6174,0
6175,1
6176,0
6177,1
6178,0
6179,0
6180,0
6181,0
6182,0
6183,0
6184,0
6185,0
6186,1
6187,1
6188,0
6189,1
6190,0
6191,0
6192,0
6193,1
6194,1
6195,1
6196,0
6197,0
6198,0
6199,1
6200,0
6201,0
6202,0
6203,0
6204,1
6205,0
6206,0
6207,0
6208,1
6209,0
6210,0
6211,0
6212,1
6213,1
6214,1
6215,0
6216,0
6217,1
6218,1
6219,0
6220,1
6221,0
6222,0
6223,1
6224,0
6225,1
6226,0
6227,1
6228,1
6229,0
6230,1
6231,1
6232,0
6233,1
6234,1
6235,1
6236,1
6237,0
6238,0
6239,0
6240,0
6241,1
6242,1
6243,0
6244,0
6245,0
6246,1
6247,1
6248,0
6249,0
6250,1
6251,1
6252,0
6253,1
6254,0
6255,1
6256,0
6257,1
6258,1
6259,1
6260,0
6261,1
6262,1
6263,0
6264,1
6265,0
6266,1
6267,1
6268,1
6269,0
6270,1
6271,0
6272,1
6273,1
6274,0
6275,1
6276,0
6277,1
6278,0
6279,1
6280,1
6281,1
6282,1
6283,0
6284,1
6285,0
6286,1
6287,1
6288,1
6289,1
6290,1
6291,0
6292,0
6293,0
6294,0
6295,0
6296,0
6297,1
6298,0
6299,1
6300,1
6301,1
6302,0
6303,1
6304,0
6305,1
6306,0
6307,0
6308,1
6309,0
6310,0
6311,1
6312,0
6313,1
6314,1
6315,0
6316,0
6317,0
6318,1
6319,0
6320,0
6321,1
6322,1
6323,0
6324,1
6325,1
6326,0
6327,0
6328,0
6329,1
6330,0
6331,0
6332,1
6333,1
6334,1
6335,0
6336,1
6337,1
6338,1
6339,1
